SINGLE LEVEL VARIABLES ,ISEC,ITEM,STASH,TYPE,FREQUENCY,QUESTIONS/OBSERVATIONS,TIME PROFILE,DOM PROFILE,USE,PACKAGE
LARGE SCALE RAIN AMOUNT KG/M2/TS,4,201,m01s04i201,Instant.,3 hourly,,T3HACUM,DIAG,UPA,2D Standard Diagnostics
LARGE SCALE SNOW AMOUNT KG/M2/TS,4,202,m01s04i202,Instant.,3 hourly,,T3HACUM,DIAG,UPA,2D Standard Diagnostics
CONVECTIVE RAIN AMOUNT KG/M2/TS,5,201,m01s05i201,Instant.,3 hourly,,T3HACUM,DIAG,UPA,2D Standard Diagnostics
CONVECTIVE SNOW AMOUNT KG/M2/TS,5,202,m01s05i202,Instant.,3 hourly,,T3HACUM,DIAG,UPA,2D Standard Diagnostics
TOTAL PRECIPITATION AMOUNT KG/M2/TS,5,226,m01s05i226,Instant.,3 hourly,,T3HACUM,DIAG,UPA,2D Standard Diagnostics
RADAR REFLECTIVITY AT 1KM AGL (dBZ),4,112,m01s04i112,Instant.,3 hourly,,T3HINST,DIAG,UPA,2D Standard Diagnostics
CLOUD DROP NUMBER CONC. /m3,4,210,m01s04i210,Instant.,3 hourly,,T3HINST,DIAG,UPA,2D Standard Diagnostics
NET DOWN SURFACE SW FLUX : CORRECTED,1,202,m01s01i202,mean,3 hourly,Also daily mean?,T3HMN,DIAG,UPA,2D Standard Diagnostics
INCOMING SW RAD FLUX (TOA): ALL TSS,1,207,m01s01i207,mean,3 hourly,Also daily mean?,T3HMN,DIAG,UPA,2D Standard Diagnostics
OUTGOING SW RAD FLUX (TOA),1,208,m01s01i208,mean,3 hourly,Also daily mean?,T3HMN,DIAG,UPA,2D Standard Diagnostics
CLEAR-SKY (II) UPWARD SW FLUX (TOA),1,209,m01s01i209,mean,3 hourly,Also daily mean?,T3HMN,DIAG,UPA,2D Standard Diagnostics
CLEAR-SKY (II) DOWN SURFACE SW FLUX,1,210,m01s01i210,mean,3 hourly,Also daily mean?,T3HMN,DIAG,UPA,2D Standard Diagnostics
CLEAR-SKY (II) UP SURFACE SW FLUX,1,211,m01s01i211,mean,3 hourly,Also daily mean?,T3HMN,DIAG,UPA,2D Standard Diagnostics
TOTAL DOWNWARD SURFACE SW FLUX,1,235,m01s01i235,mean,3 hourly,Also daily mean?,T3HMN,DIAG,UPA,2D Standard Diagnostics
NET DOWN SURFACE LW RAD FLUX,2,201,m01s02i201,mean,3 hourly,Also daily mean?,T3HMN,DIAG,UPA,2D Standard Diagnostics
OUTGOING LW RAD FLUX (TOA),2,205,m01s02i205,mean,3 hourly,Also daily mean?,T3HMN,DIAG,UPA,2D Standard Diagnostics
CLEAR-SKY (II) UPWARD LW FLUX (TOA),2,206,m01s02i206,mean,3 hourly,Also daily mean?,T3HMN,DIAG,UPA,2D Standard Diagnostics
DOWNWARD LW RAD FLUX: SURFACE,2,207,m01s02i207,mean,3 hourly,Also daily mean?,T3HMN,DIAG,UPA,2D Standard Diagnostics
CLEAR-SKY (II) DOWN SURFACE LW FLUX,2,208,m01s02i208,mean,3 hourly,Also daily mean?,T3HMN,DIAG,UPA,2D Standard Diagnostics
LOW CLOUD AMOUNT,9,203,m01s09i203,Instant.,3 hourly,Also daily mean?,T3HINST,DIAG,UPA,2D Standard Diagnostics
MEDIUM CLOUD AMOUNT,9,204,m01s09i204,Instant.,3 hourly,Also daily mean?,T3HINST,DIAG,UPA,2D Standard Diagnostics
HIGH CLOUD AMOUNT,9,205,m01s09i205,Instant.,3 hourly,Also daily mean?,T3HINST,DIAG,UPA,2D Standard Diagnostics
TOTAL CLOUD AMOUNT - RANDOM OVERLAP,9,216,m01s09i216,Instant.,3 hourly,Also daily mean?,T3HINST,DIAG,UPA,2D Standard Diagnostics
TOTAL COLUMN QCL RHO GRID,30,405,m01s30i405,Instant.,3 hourly,Also daily mean?,T3HINST,DIAG,UPA,2D Standard Diagnostics
TOTAL COLUMN QCF RHO GRID,30,406,m01s30i406,Instant.,3 hourly,Also daily mean?,T3HINST,DIAG,UPA,2D Standard Diagnostics
TOTAL COLUMN Q (WATER VAPOUR PATH),30,461,m01s30i461,Instant.,3 hourly,Also daily mean?,T3HINST,DIAG,UPA,2D Standard Diagnostics
HT FLUX FROM SURF TO DEEP SOIL LEV 1,3,202,m01s03i202,mean,3 hourly,,T3HMN,DIAG,UPA,2D Standard Diagnostics
SURFACE SENSIBLE HEAR FLUX W/M2,3,217,m01s03i217,mean,3 hourly,,T3HMN,DIAG,UPA,2D Standard Diagnostics
SURFACE LATENT HEAR FLUX W/M2,3,234,m01s03i234,mean,3 hourly,,T3HMN,DIAG,UPA,2D Standard Diagnostics
SURFACE TEMPERATURE AFTER TIMESTEP,0,24,m01s00i024,mean,3 hourly,,T3HMN,DIAG,UPA,2D Standard Diagnostics
BOUNDARY LAYER DEPTH AFTER TIMESTEP,0,25,m01s00i025,mean,3 hourly,,T3HMN,Ideally,UPA,2D Standard Diagnostics
SURFACE PRESSURE AFTER TIMESTEP,0,409,m01s00i409,mean,3 hourly,,T3HMN,DIAG,UPA,2D Standard Diagnostics
PRESSURE AT MEAN SEA LEVEL,16,222,m01s16i222,mean,3 hourly,,T3HMN,DIAG,UPA,2D Standard Diagnostics
10 METRE WIND U-COMP B GRID,3,225,m01s03i225,Instant.,3 hourly,Also daily mean?,T3HINST,DIAG,UPA,2D Standard Diagnostics
10 METRE WIND V-COMP B GRID,3,226,m01s03i226,Instant.,3 hourly,Also daily mean?,T3HINST,DIAG,UPA,2D Standard Diagnostics
TEMPERATURE AT 1.5M,3,236,m01s03i236,Instant.,3 hourly,Also daily mean?,T3HINST,DIAG,UPA,2D Standard Diagnostics
RELATIVE HUMIDITY AT 1.5M,3,245,m01s03i245,Instant.,3 hourly,Also daily mean?,T3HINST,DIAG,UPA,2D Standard Diagnostics
FOG FRACTION AT 1.5 M,3,248,m01s03i248,Instant.,3 hourly,,T3HINST,DIAG,UPA,2D Standard Diagnostics
DEWPOINT AT 1.5M (K),3,250,m01s03i250,Instant.,3 hourly,Also daily mean?,T3HINST,DIAG,UPA,2D Standard Diagnostics
SPECIFIC HUMIDITY AT 1.5M,3,237,m01s03i237,Instant.,3 hourly,Also daily mean?,T3HINST,DIAG,UPA,2D Standard Diagnostics
CLOUD LIQUID WATER AT 1.5M ,3,243,m01s03i243 ,Instant.,3 hourly,,T3HINST,DIAG,UPA,2D Standard Diagnostics
SURFACE TEMPERATURE AFTER TIMESTEP,0,24,m01s00i024,Instant.,3 hourly,Also daily mean?,T3HINST,DIAG,UPA,2D Standard Diagnostics
EVAP FROM SOIL SURF : RATE KG/M2/S,3,296,m01s03i296,Instant.,3 hourly,Also daily mean?,T3HINST,DIAG,UPA,2D Standard Diagnostics
EVAP FROM CANOPY : RATE KG/M2/S,3,297,m01s03i297,Instant.,3 hourly,Also daily mean?,T3HINST,DIAG,UPA,2D Standard Diagnostics
TEMPERATURE AT 1.5M,3,236,m01s03i236,max,daily,,TDAYMAX,DIAG,UPB,2D Standard Diagnostics
TEMPERATURE AT 1.5M,3,236,m01s03i236,min,daily,,TDAYMIN,DIAG,UPB,2D Standard Diagnostics
LARGE SCALE RAIN AMOUNT KG/M2/TS,4,201,m01s04i201,accum,daily,,TDAYACUM,DIAG,UPB,2D Standard Diagnostics
LARGE SCALE SNOW AMOUNT KG/M2/TS,4,202,m01s04i202,accum,daily,,TDAYACUM,DIAG,UPB,2D Standard Diagnostics
CONVECTIVE RAIN AMOUNT KG/M2/TS,5,201,m01s05i201,accum,daily,,TDAYACUM,DIAG,UPB,2D Standard Diagnostics
CONVECTIVE SNOW AMOUNT KG/M2/TS,5,202,m01s05i202,accum,daily,,TDAYACUM,DIAG,UPB,2D Standard Diagnostics
TOTAL PRECIPITATION AMOUNT KG/M2/TS,5,226,m01s05i226,accum,daily,,TDAYACUM,DIAG,UPB,2D Standard Diagnostics
SURFACE NET RADIATION ON TILES,3,314,m01s03i314,instant.,3 hourly,,T3HINST,DTILE,UPC,Land Diagnostics
SURFACE TEMP ON TILES K,3,316,m01s03i316,instant.,3 hourly,,T3HINST,DTILE,UPC,Land Diagnostics
CANOPY WATER ON TILES KG/M2,3,321,m01s03i321,instant.,3 hourly,,T3HINST,DTILE,UPC,Land Diagnostics
ROUGHNESS LENGTH ON TILES M,3,324,m01s03i324,instant.,3 hourly,,T3HINST,DTILE,UPC,Land Diagnostics
1.5M TEMPERATURE OVER TILES,3,328,m01s03i328,instant.,3 hourly,,T3HINST,DTILE,UPC,Land Diagnostics
SURFACE SENSIBLE HEAT FLUX W/M2,3,217,m01s03i217,mean,3 hourly,,T3HMN,DTILE,UPC,Land Diagnostics
SURFACE LATENT HEAT FLUX ON TILES,3,330,m01s03i330,mean,3 hourly,,T3HMN,DTILE,UPC,Land Diagnostics
SURFACE NET SW RADIATION ON TILES,3,382,m01s03i382,mean,3 hourly,,T3HMN,DTILE,UPC,Land Diagnostics
SURFACE UP LW RADIATION ON TILES,3,383,m01s03i383,mean,3 hourly,,T3HMN,DTILE,UPC,Land Diagnostics
SURFACE DOWN LW RADIATION ON TILES,3,384,m01s03i384,mean,3 hourly,,T3HMN,DTILE,UPC,Land Diagnostics
SOIL MOISTURE CONTENT IN A LAYER,8,223,m01s08i223,instant.,3 hourly,,T3HINST,DSOIL,UPC,Land Diagnostics
DEEP SOIL TEMP. AFTER HYDROLOGY DEGK,8,225,m01s08i225,instant.,3 hourly,,T3HINST,DSOIL,UPC,Land Diagnostics
U COMPNT OF WIND ON P LEV/UV GRID,30,201,m01s30i201,Instant.,6 hourly,,T6HINST,DP34,UPD,3D ERA5 Diagnostics
V COMPNT OF WIND ON P LEV/UV GRID,30,202,m01s30i202,Instant.,6 hourly,,T6HINST,DP34,UPD,3D ERA5 Diagnostics
W COMPNT OF WIND ON P LEV/UV GRID,30,203,m01s30i203,Instant.,6 hourly,,T6HINST,DP34,UPD,3D ERA5 Diagnostics
TEMPERATURE ON P LEV/UV GRID,30,204,m01s30i204,Instant.,6 hourly,,T6HINST,DP34,UPD,3D ERA5 Diagnostics
SPECIFIC HUMIDITY ON P LEV/UV GRID,30,205,m01s30i205,Instant.,6 hourly,,T6HINST,DP34,UPD,3D ERA5 Diagnostics
RELATIVE HUMIDITY ON P LEV/UV GRID,30,206,m01s30i206,Instant.,6 hourly,,T6HINST,DP34,UPD,3D ERA5 Diagnostics
GEOPOTENTIAL HEIGHT ON P LEV/UV GRID,30,207,m01s30i207,Instant.,6 hourly,,T6HINST,DP34,UPD,3D ERA5 Diagnostics
U COMPNT OF WIND AFTER TIMESTEP,0,2,m01s00i002,Instant.,6 hourly,,T6HINST,DALLTH,UPE,3D Standard Diagnostics
V COMPNT OF WIND AFTER TIMESTEP,0,3,m01s00i003,Instant.,6 hourly,,T6HINST,DALLTH,UPE,3D Standard Diagnostics
THETA AFTER TIMESTEP,0,4,m01s00i004,Instant.,6 hourly,,T6HINST,DALLTH,UPE,3D Standard Diagnostics
SPECIFIC HUMIDITY AFTER TIMESTEP,0,10,m01s00i010,Instant.,6 hourly,,T6HINST,DALLTH,UPE,3D Standard Diagnostics
QCF AFTER TIMESTEP,0,12,m01s00i012,Instant.,6 hourly,,T6HINST,DALLTH,UPE,3D Standard Diagnostics
W COMPNT OF WIND AFTER TIMESTEP,0,150,m01s00i150,Instant.,6 hourly,,T6HINST,DALLTH,UPE,3D Standard Diagnostics
QCL AFTER TIMESTEP,0,254,m01s00i254,Instant.,6 hourly,,T6HINST,DALLTH,UPE,3D Standard Diagnostics
CLOUD ICE (CRYSTALS) AFTER TIMESTEP,0,271,m01s00i271 ,Instant.,6 hourly,,T6HINST,DALLTH,UPE,3D Standard Diagnostics
PRESSURE AT THETA LEVELS AFTER TS,0,408,m01s00i408,Instant.,6 hourly,,T6HINST,DALLTH,UPE,3D Standard Diagnostics
TEMPERATURE ON THETA LEVELS,16,4,m01s16i004,Instant.,6 hourly,,T6HINST,DALLTH,UPE,3D Standard Diagnostics
GEOPOTENTIAL HEIGHT ON THETA LEVELS,16,201,m01s16i201 ,Instant.,6 hourly,,T6HINST,DALLTH,UPE,3D Standard Diagnostics
U COMPNT OF WIND ON P LEV/UV GRID,30,201,m01s30i201,mean,month,,TMONMN,DP34,UPF,3D ERA5 Diagnostics
V COMPNT OF WIND ON P LEV/UV GRID,30,202,m01s30i202,mean,month,,TMONMN,DP34,UPF,3D ERA5 Diagnostics
W COMPNT OF WIND ON P LEV/UV GRID,30,203,m01s30i203,mean,month,,TMONMN,DP34,UPF,3D ERA5 Diagnostics
TEMPERATURE ON P LEV/UV GRID,30,204,m01s30i204,mean,month,,TMONMN,DP34,UPF,3D ERA5 Diagnostics
SPECIFIC HUMIDITY ON P LEV/UV GRID,30,205,m01s30i205,mean,month,,TMONMN,DP34,UPF,3D ERA5 Diagnostics
RELATIVE HUMIDITY ON P LEV/UV GRID,30,206,m01s30i206,mean,month,,TMONMN,DP34,UPF,3D ERA5 Diagnostics
GEOPOTENTIAL HEIGHT ON P LEV/UV GRID,30,207,m01s30i207,mean,month,,TMONMN,DP34,UPF,3D ERA5 Diagnostics
U COMPNT OF WIND AFTER TIMESTEP,0,2,m01s00i002,mean,month,,TMONMN,DALLTH,UPG,3D Standard Diagnostics
V COMPNT OF WIND AFTER TIMESTEP,0,3,m01s00i003,mean,month,,TMONMN,DALLTH,UPG,3D Standard Diagnostics
THETA AFTER TIMESTEP,0,4,m01s00i004,mean,month,,TMONMN,DALLTH,UPG,3D Standard Diagnostics
SPECIFIC HUMIDITY AFTER TIMESTEP,0,10,m01s00i010,mean,month,,TMONMN,DALLTH,UPG,3D Standard Diagnostics
QCF AFTER TIMESTEP,0,12,m01s00i012,mean,month,,TMONMN,DALLTH,UPG,3D Standard Diagnostics
W COMPNT OF WIND AFTER TIMESTEP,0,150,m01s00i150,mean,month,,TMONMN,DALLTH,UPG,3D Standard Diagnostics
QCL AFTER TIMESTEP,0,254,m01s00i254,mean,month,,TMONMN,DALLTH,UPG,3D Standard Diagnostics
CLOUD ICE (CRYSTALS) AFTER TIMESTEP,0,271,m01s00i271 ,mean,month,,TMONMN,DALLTH,UPG,3D Standard Diagnostics
PRESSURE AT THETA LEVELS AFTER TS,0,408,m01s00i408,mean,month,,TMONMN,DALLTH,UPG,3D Standard Diagnostics
TEMPERATURE ON THETA LEVELS,16,4,m01s16i004,mean,month,,TMONMN,DALLTH,UPG,3D Standard Diagnostics
GEOPOTENTIAL HEIGHT ON THETA LEVELS,16,201,m01s16i201 ,mean,month,,TMONMN,DALLTH,UPG,3D Standard Diagnostics
